Workbook

Sheet 元始
A2: 1 | B2: 〮 | C2: f | D2: 聲 | E2: =_xlfn.UNICODE($B2) -> 12334 | F2: =DEC2HEX($E2) -> 302E | G2: 1 | H2: 1
A3: 2 | B3: 〯 | C3: ff | D3: 聲 | E3: =_xlfn.UNICODE($B3) -> 12335 | F3: =DEC2HEX($E3) -> 302F | G3: 2 | H3: 2
A4: 3 | B4: ᄀ | C4: k | D4: 初 | E4: =_xlfn.UNICODE($B4) -> 4352 | F4: =DEC2HEX($E4) -> 1100 | G4: 3 | H4: 3
A5: 4 | B5: ᅚ | C5: kt | D5: 初 | E5: =_xlfn.UNICODE($B5) -> 4442 | F5: =DEC2HEX($E5) -> 115A | G5: 4 | H5: 4
A6: 5 | B6: ᄁ | C6: kk | D6: 初 | E6: =_xlfn.UNICODE($B6) -> 4353 | F6: =DEC2HEX($E6) -> 1101 | G6: 5 | H6: 5
A7: 6 | B7: ᄏ | C7: kh | D7: 初 | E7: =_xlfn.UNICODE($B7) -> 4367 | F7: =DEC2HEX($E7) -> 110F | G7: 6 | H7: 6
A8: 7 | B8: ᅌ | C8: w | D8: 初 | E8: =_xlfn.UNICODE($B8) -> 4428 | F8: =DEC2HEX($E8) -> 114C | G8: 7 | H8: 7
A9: 8 | B9: ᅁ | C9: wk | D9: 初 | E9: =_xlfn.UNICODE($B9) -> 4417 | F9: =DEC2HEX($E9) -> 1141 | G9: 8 | H9: 8
A10: 9 | B10: ᅇ | C10: ww | D10: 初 | E10: =_xlfn.UNICODE($B10) -> 4423 | F10: =DEC2HEX($E10) -> 1147 | G10: 9 | H10: 9
A11: 10 | B11: ᅂ | C11: wt | D11: 初 | E11: =_xlfn.UNICODE($B11) -> 4418 | F11: =DEC2HEX($E11) -> 1142 | G11: 10 | H11: 10
A12: 11 | B12: ᅊ | C12: wth | D12: 初 | E12: =_xlfn.UNICODE($B12) -> 4426 | F12: =DEC2HEX($E12) -> 114A | G12: 11 | H12: 11
A13: 12 | B13: ᅄ | C13: wp | D13: 初 | E13: =_xlfn.UNICODE($B13) -> 4420 | F13: =DEC2HEX($E13) -> 1144 | G13: 12 | H13: 12
... A257: 256 | B257: ᇅ | C257: nk | D257: 終 | E257: =_xlfn.UNICODE($B257) -> 4549 | F257: =DEC2HEX($E257) -> 11C5 | G257: 88 | H257: 88
A258: 257 | B258: ᇆ | C258: nt | D258: 終 | E258: =_xlfn.UNICODE($B258) -> 4550 | F258: =DEC2HEX($E258) -> 11C6
A259: 258 | B259: ᇉ | C259: nth | D259: 終 | E259: =_xlfn.UNICODE($B259) -> 4553 | F259: =DEC2HEX($E259) -> 11C9
A260: 259 | B260: ᇿ | C260: nn | D260: 終 | E260: =_xlfn.UNICODE($B260) -> 4607 | F260: =DEC2HEX($E260) -> 11FF
A261: 260 | B261: ᆬ | C261: nz | D261: 終 | E261: =_xlfn.UNICODE($B261) -> 4524 | F261: =DEC2HEX($E261) -> 11AC
A262: 261 | B262: ퟌ | C262: nzh | D262: 終 | E262: =_xlfn.UNICODE($B262) -> 55244 | F262: =DEC2HEX($E262) -> D7CC
A263: 262 | B263: ᇇ | C263: ns | D263: 終 | E263: =_xlfn.UNICODE($B263) -> 4551 | F263: =DEC2HEX($E263) -> 11C7
A264: 263 | B264: ᆭ | C264: nh | D264: 終 | E264: =_xlfn.UNICODE($B264) -> 4525 | F264: =DEC2HEX($E264) -> 11AD
A265: 264 | B265: ퟋ | C265: nl | D265: 終 | E265: =_xlfn.UNICODE($B265) -> 55243 | F265: =DEC2HEX($E265) -> D7CB
A266: 265 | B266: ᇈ | C266: nr | D266: 終 | E266: =_xlfn.UNICODE($B266) -> 4552 | F266: =DEC2HEX($E266) -> 11C8
A267: 266 | B267: ᆸ | C267: p | D267: 終 | E267: =_xlfn.UNICODE($B267) -> 4536 | F267: =DEC2HEX($E267) -> 11B8
A268: 267 | B268: ퟣ | C268: pt | D268: 終 | E268: =_xlfn.UNICODE($B268) -> 55267 | F268: =DEC2HEX($E268) -> D7E3
A269: 268 | B269: ퟥ | C269: pm | D269: 終 | E269: =_xlfn.UNICODE($B269) -> 55269 | F269: =DEC2HEX($E269) -> D7E5
... A353: 352 | B353: ᆶ | C353: lh | D353: 終 | E353: =_xlfn.UNICODE($B353) -> 4534 | F353: =DEC2HEX($E353) -> 11B6
A354: 353 | B354: ퟝ | C354: lj | D354: 終 | E354: =_xlfn.UNICODE($B354) -> 55261 | F354: =DEC2HEX($E354) -> D7DD | G354: 1 | H354: 97
A355: 354 | B355: ᇐ | C355: ll | D355: 終 | E355: =_xlfn.UNICODE($B355) -> 4560 | F355: =DEC2HEX($E355) -> 11D0 | G355: 2 | H355: 98
A356: 355 | B356: ퟗ | C356: llkh | D356: 終 | E356: =_xlfn.UNICODE($B356) -> 55255 | F356: =DEC2HEX($E356) -> D7D7 | G356: 3 | H356: 99
A357: 356 | B357: ᇗ | C357: lr | D357: 終 | E357: =_xlfn.UNICODE($B357) -> 4567 | F357: =DEC2HEX($E357) -> 11D7 | G357: 4 | H357: 100
A358: 357 | B358: ᇫ | C358: r | D358: 終 | E358: =_xlfn.UNICODE($B358) -> 4587 | F358: =DEC2HEX($E358) -> 11EB | G358: 5 | H358: 101
A359: 358 | B359: ퟳ | C359: rp | D359: 終 | E359: =_xlfn.UNICODE($B359) -> 55283 | F359: =DEC2HEX($E359) -> D7F3 | G359: 6 | H359: 102
A360: 359 | B360: ퟴ | C360: rpj | D360: 終 | E360: =_xlfn.UNICODE($B360) -> 55284 | F360: =DEC2HEX($E360) -> D7F4 | G360: 7 | H360: 103
A361: 360 | B361: ㄱ | C361: k | D361: 紐 | E361: =_xlfn.UNICODE($B361) -> 12593 | F361: =DEC2HEX($E361) -> 3131 | G361: 8 | H361: 104
A362: 361 | B362: ㄳ | C362: ks | D362: 紐 | E362: =_xlfn.UNICODE($B362) -> 12595 | F362: =DEC2HEX($E362) -> 3133 | G362: 9 | H362: 105
A363: 362 | B363: ㄲ | C363: kk | D363: 紐 | E363: =_xlfn.UNICODE($B363) -> 12594 | F363: =DEC2HEX($E363) -> 3132 | G363: 10 | H363: 106
A364: 363 | B364: ㅋ | C364: kh | D364: 紐 | E364: =_xlfn.UNICODE($B364) -> 12619 | F364: =DEC2HEX($E364) -> 314B | G364: 11 | H364: 107
A365: 364 | B365: ㆁ | C365: w | D365: 紐 | E365: =_xlfn.UNICODE($B365) -> 12673 | F365: =DEC2HEX($E365) -> 3181 | G365: 12 | H365: 108
... A454: 453 | B454: ㅖ | C454: yei | D454: 樞 | E454: =_xlfn.UNICODE($B454) -> 12630 | F454: =DEC2HEX($E454) -> 3156 | G454: 49 | H454: 137

Sheet 分離
A1: ᅠ | B1: yy | C1: ᆨ | D1: k
A2: ᆞ | B2: y | C2: ᇺ | D2: kn
A3: ᆢ | B3: yy | C3: ᇻ | D3: kp
A4: ᆡ | B4: yi | C4: ᇼ | D4: kzh
A5: ᅳ | B5: v | C5: ᆪ | D5: ks
A6: ᆖ | B6: vv | C6: ᇄ | D6: ksk
A7: ᅴ | B7: vi | C7: ᇃ | D7: kl
A8: ᆗ | B8: viu | C8: ᆩ | D8: kk
A9: ힼ | B9: vo | C9: ᇽ | D9: kkh
A10: ힹ | B10: va | C10: ᆿ | D10: kh
A11: ᆕ | B11: vu | C11: ᇾ | D11: kh
A12: ힺ | B12: ve | C12: ᇰ | D12: w
... A95: ᆥ | B95: yeya | C95: ퟬ | D95: ssk
C96: ퟭ | D96: sst
C97: ᇹ | D97: q
C98: ᇂ | D98: h
C99: ᇵ | D99: hn
C100: ᇸ | D100: hp
C101: ᇷ | D101: hm
C102: ᇶ | D102: hl
C103: ᆼ | D103: j
C104: ᆯ | D104: l
C105: ᆰ | D105: lk
C106: ᇌ | D106: lks
C107: ퟕ | D107: lkk
... C137: ퟴ | D137: rpj

Sheet 輸出
A1: {=INDEX(分離!$A$1:$A$95, INT((ROW($A1)-1)/125)+1) & INDEX(分離!$C$1:$C$125, MOD(ROW($A1)-1, 125)+1)} -> ᅠᆨ | B1: =A1 -> ᅠᆨ
A2: {=INDEX(分離!$A$1:$A$95, INT((ROW($A2)-1)/125)+1) & INDEX(分離!$C$1:$C$125, MOD(ROW($A2)-1, 125)+1)} -> ᅠᇺ | B2: =A2 -> ᅠᇺ
A3: {=INDEX(分離!$A$1:$A$95, INT((ROW($A3)-1)/125)+1) & INDEX(分離!$C$1:$C$125, MOD(ROW($A3)-1, 125)+1)} -> ᅠᇻ | B3: =A3 -> ᅠᇻ
A4: {=INDEX(分離!$A$1:$A$95, INT((ROW($A4)-1)/125)+1) & INDEX(分離!$C$1:$C$125, MOD(ROW($A4)-1, 125)+1)} -> ᅠᇼ | B4: =A4 -> ᅠᇼ
A5: {=INDEX(分離!$A$1:$A$95, INT((ROW($A5)-1)/125)+1) & INDEX(分離!$C$1:$C$125, MOD(ROW($A5)-1, 125)+1)} -> ᅠᆪ | B5: =A5 -> ᅠᆪ
A6: {=INDEX(分離!$A$1:$A$95, INT((ROW($A6)-1)/125)+1) & INDEX(分離!$C$1:$C$125, MOD(ROW($A6)-1, 125)+1)} -> ᅠᇄ | B6: =A6 -> ᅠᇄ
A7: {=INDEX(分離!$A$1:$A$95, INT((ROW($A7)-1)/125)+1) & INDEX(分離!$C$1:$C$125, MOD(ROW($A7)-1, 125)+1)} -> ᅠᇃ | B7: =A7 -> ᅠᇃ
A8: {=INDEX(分離!$A$1:$A$95, INT((ROW($A8)-1)/125)+1) & INDEX(分離!$C$1:$C$125, MOD(ROW($A8)-1, 125)+1)} -> ᅠᆩ | B8: =A8 -> ᅠᆩ
A9: {=INDEX(分離!$A$1:$A$95, INT((ROW($A9)-1)/125)+1) & INDEX(分離!$C$1:$C$125, MOD(ROW($A9)-1, 125)+1)} -> ᅠᇽ | B9: =A9 -> ᅠᇽ
A10: {=INDEX(分離!$A$1:$A$95, INT((ROW($A10)-1)/125)+1) & INDEX(分離!$C$1:$C$125, MOD(ROW($A10)-1, 125)+1)} -> ᅠᆿ | B10: =A10 -> ᅠᆿ
A11: {=INDEX(分離!$A$1:$A$95, INT((ROW($A11)-1)/125)+1) & INDEX(分離!$C$1:$C$125, MOD(ROW($A11)-1, 125)+1)} -> ᅠᇾ | B11: =A11 -> ᅠᇾ
A12: {=INDEX(分離!$A$1:$A$95, INT((ROW($A12)-1)/125)+1) & INDEX(分離!$C$1:$C$125, MOD(ROW($A12)-1, 125)+1)} -> ᅠᇰ | B12: =A12 -> ᅠᇰ
... A11875: {=INDEX(分離!$A$1:$A$95, INT((ROW($A11875)-1)/125)+1) & INDEX(分離!$C$1:$C$125, MOD(ROW($A11875)-1, 125)+1)} -> ᆥퟘ | B11875: =A11875 -> ᆥퟘ
